{
  "schema_version": 1,
  "generated_at": "2026-04-27T05:17:39Z",
  "platform": {
    "system": "Windows",
    "release": "10",
    "python": "3.11.15",
    "machine": "AMD64"
  },
  "context": {
    "sequence_label": "SH0010_Rendered_RGB.####.exr",
    "frame_count": 90,
    "resolution": [
      3840,
      2160
    ],
    "channels": 4,
    "target_fps": 24.0,
    "cache_budget_bytes": 8589934592,
    "num_workers": 6,
    "passes_played": 3,
    "warmup_frames": 30
  },
  "tick": {
    "samples": 270,
    "effective_fps": 20.326431917792522,
    "cache_hit_rate": 0.6666666666666666,
    "inter_tick_ms": {
      "count": 269,
      "mean": 49.19702602229272,
      "p50": 47.0000000204891,
      "p95": 79.00000002700835,
      "p99": 141.00000000325963,
      "min": 0.0,
      "max": 156.00000001722947
    }
  },
  "paint": {
    "samples": 189,
    "effective_fps": 14.392895421860496,
    "upload_us": {
      "count": 189,
      "mean": 27931.216930497496,
      "p50": 31000.000017229468,
      "p95": 47000.0000204891,
      "p99": 63000.000023748726,
      "min": 14999.999955762178,
      "max": 63000.000023748726
    },
    "paint_us": {
      "count": 189,
      "mean": 29830.68782964317,
      "p50": 31000.000017229468,
      "p95": 47000.0000204891,
      "p99": 78119.9999852106,
      "min": 14999.999955762178,
      "max": 92999.99999348074
    },
    "inter_paint_ms": {
      "count": 188,
      "mean": 69.478723404129,
      "p50": 47.0000000204891,
      "p95": 125.0,
      "p99": 518.5799999971629,
      "min": 30.999999959021807,
      "max": 1218.9999999827705
    }
  },
  "decode": {
    "samples": 51,
    "decode_ms": {
      "count": 51,
      "mean": 1341.9215686267753,
      "p50": 1358.9999999967404,
      "p95": 1515.5000000086147,
      "p99": 1524.0000000048894,
      "min": 1093.9999999827705,
      "max": 1532.0000000065193
    },
    "total_bytes": 3384115200
  }
}