{
  "schema_version": 1,
  "generated_at": "2026-04-27T05:16:27Z",
  "platform": {
    "system": "Windows",
    "release": "10",
    "python": "3.11.15",
    "machine": "AMD64"
  },
  "context": {
    "sequence_label": "SH0010_Rendered_RGB.####.exr",
    "frame_count": 90,
    "resolution": [
      3840,
      2160
    ],
    "channels": 4,
    "target_fps": 24.0,
    "cache_budget_bytes": 6555280998,
    "num_workers": 8,
    "passes_played": 3,
    "warmup_frames": 30
  },
  "tick": {
    "samples": 270,
    "effective_fps": 18.67277523259511,
    "cache_hit_rate": 0.7777777777777778,
    "inter_tick_ms": {
      "count": 269,
      "mean": 53.55390334557257,
      "p50": 47.0000000204891,
      "p95": 108.99999999674037,
      "p99": 192.8000000095925,
      "min": 0.0,
      "max": 358.99999999674037
    }
  },
  "paint": {
    "samples": 215,
    "effective_fps": 15.067239315659279,
    "upload_us": {
      "count": 215,
      "mean": 35525.58139470124,
      "p50": 31000.000017229468,
      "p95": 62300.00001378356,
      "p99": 135800.00001820692,
      "min": 14999.999955762178,
      "max": 342999.99999348074
    },
    "paint_us": {
      "count": 215,
      "mean": 36683.72092990551,
      "p50": 31000.000017229468,
      "p95": 77999.9999795109,
      "p99": 135800.00001820692,
      "min": 14999.999955762178,
      "max": 358999.9999967404
    },
    "inter_paint_ms": {
      "count": 214,
      "mean": 66.36915887840892,
      "p50": 47.0000000204891,
      "p95": 146.250000008149,
      "p99": 428.94000002997956,
      "min": 30.999999959021807,
      "max": 718.9999999827705
    }
  },
  "decode": {
    "samples": 51,
    "decode_ms": {
      "count": 51,
      "mean": 1462.8823529415326,
      "p50": 1547.000000020489,
      "p95": 1733.9999999967404,
      "p99": 1765.499999979511,
      "min": 983.9999999967404,
      "max": 1780.9999999590218
    },
    "total_bytes": 3384115200
  }
}