{
  "schema_version": 2,
  "generated_at": "2026-04-27T05:58:19Z",
  "platform": {
    "system": "Windows",
    "release": "10",
    "python": "3.11.15",
    "machine": "AMD64"
  },
  "context": {
    "sequence_label": "SH0010_Rendered_RGB.####.exr",
    "frame_count": 90,
    "resolution": [
      3840,
      2160
    ],
    "channels": 4,
    "target_fps": 24.0,
    "cache_budget_bytes": 4070041190,
    "num_workers": 8,
    "passes_played": 3,
    "warmup_frames": 30
  },
  "tick": {
    "samples": 270,
    "effective_fps": 15.867398100631181,
    "cache_hit_rate": 0.6370370370370371,
    "inter_tick_ms": {
      "count": 269,
      "mean": 63.02230483271366,
      "p50": 61.99999999989814,
      "p95": 108.9999999999236,
      "p99": 145.119999999897,
      "min": 0.0,
      "max": 297.00000000002547
    }
  },
  "paint": {
    "samples": 176,
    "effective_fps": 10.636358110982815,
    "upload_us": {
      "count": 176,
      "mean": 38664.77272728213,
      "p50": 32000.000000152795,
      "p95": 47000.000000025466,
      "p99": 78250.00000002547,
      "min": 14999.99999987267,
      "max": 202999.99999997453
    },
    "paint_us": {
      "count": 176,
      "mean": 41329.54545455515,
      "p50": 32000.000000152795,
      "p95": 63000.00000010186,
      "p99": 94000.00000005093,
      "min": 16000.000000076398,
      "max": 202999.99999997453
    },
    "inter_paint_ms": {
      "count": 175,
      "mean": 94.01714285714272,
      "p50": 77.99999999997453,
      "p95": 157.0000000001528,
      "p99": 545.9600000000019,
      "min": 47.000000000025466,
      "max": 827.9999999999745
    },
    "upload_gpu_us": {
      "count": 0,
      "mean": NaN,
      "p50": NaN,
      "p95": NaN,
      "p99": NaN,
      "min": NaN,
      "max": NaN
    },
    "upload_gpu_pending_count": 0
  },
  "decode": {
    "samples": 62,
    "decode_ms": {
      "count": 62,
      "mean": 1870.0000000000082,
      "p50": 1820.5000000000382,
      "p95": 2281.150000000139,
      "p99": 2343.3899999999267,
      "min": 1608.9999999999236,
      "max": 2344.000000000051
    },
    "total_bytes": 4114022400
  }
}