{
  "schema_version": 2,
  "generated_at": "2026-04-27T06:13:17Z",
  "platform": {
    "system": "Windows",
    "release": "10",
    "python": "3.11.15",
    "machine": "AMD64"
  },
  "context": {
    "sequence_label": "SH0010_Rendered_RGB.####.exr",
    "frame_count": 90,
    "resolution": [
      3840,
      2160
    ],
    "channels": 4,
    "target_fps": 24.0,
    "cache_budget_bytes": 5039227699,
    "num_workers": 8,
    "passes_played": 3,
    "warmup_frames": 30
  },
  "tick": {
    "samples": 270,
    "effective_fps": 17.35483870967742,
    "cache_hit_rate": 0.7555555555555555,
    "inter_tick_ms": {
      "count": 269,
      "mean": 57.62081784386617,
      "p50": 47.000000000025466,
      "p95": 109.00000000001437,
      "p99": 192.11999999999978,
      "min": 0.0,
      "max": 233.99999999998
    }
  },
  "paint": {
    "samples": 216,
    "effective_fps": 14.026617954071005,
    "upload_us": {
      "count": 216,
      "mean": 24819.44444444466,
      "p50": 16000.000000019554,
      "p95": 62000.00000001182,
      "p99": 93849.99999999763,
      "min": 0.0,
      "max": 156999.99999998228
    },
    "paint_us": {
      "count": 216,
      "mean": 26768.518518518173,
      "p50": 16000.000000019554,
      "p95": 62999.99999998818,
      "p99": 120349.99999999894,
      "min": 0.0,
      "max": 156999.99999998228
    },
    "inter_paint_ms": {
      "count": 215,
      "mean": 71.29302325581384,
      "p50": 62.000000000010914,
      "p95": 171.99999999998568,
      "p99": 370.3999999999854,
      "min": 16.00000000002001,
      "max": 578.0000000000309
    },
    "upload_gpu_us": {
      "count": 213,
      "mean": 189523.58967136178,
      "p50": 148964.19999996625,
      "p95": 421831.1200000242,
      "p99": 723864.1680000066,
      "min": 72241.20000000767,
      "max": 1043446.8999999922
    },
    "upload_gpu_pending_count": 0
  },
  "decode": {
    "samples": 66,
    "decode_ms": {
      "count": 66,
      "mean": 1571.5151515151547,
      "p50": 1577.9999999999745,
      "p95": 2015.2500000000089,
      "p99": 2069.049999999984,
      "min": 891.0000000000196,
      "max": 2110.0000000000136
    },
    "total_bytes": 4379443200
  }
}