{
  "schema_version": 2,
  "generated_at": "2026-04-27T05:59:41Z",
  "platform": {
    "system": "Windows",
    "release": "10",
    "python": "3.11.15",
    "machine": "AMD64"
  },
  "context": {
    "sequence_label": "SH0010_Rendered_RGB.####.exr",
    "frame_count": 90,
    "resolution": [
      3840,
      2160
    ],
    "channels": 4,
    "target_fps": 24.0,
    "cache_budget_bytes": 4183587225,
    "num_workers": 8,
    "passes_played": 3,
    "warmup_frames": 30
  },
  "tick": {
    "samples": 270,
    "effective_fps": 16.47476727094564,
    "cache_hit_rate": 0.6444444444444445,
    "inter_tick_ms": {
      "count": 269,
      "mean": 60.698884758364215,
      "p50": 61.99999999989814,
      "p95": 110.00000000012733,
      "p99": 161.80000000011194,
      "min": 0.0,
      "max": 280.99999999994907
    }
  },
  "paint": {
    "samples": 185,
    "effective_fps": 11.705579235320274,
    "upload_us": {
      "count": 185,
      "mean": 34713.51351351365,
      "p50": 30999.99999994907,
      "p95": 63000.00000010186,
      "p99": 101520.00000005485,
      "min": 14999.99999987267,
      "max": 188000.00000010186
    },
    "paint_us": {
      "count": 185,
      "mean": 38005.40540540513,
      "p50": 30999.99999994907,
      "p95": 74999.99999999974,
      "p99": 141000.0000000764,
      "min": 14999.99999987267,
      "max": 188000.00000010186
    },
    "inter_paint_ms": {
      "count": 184,
      "mean": 85.42934782608724,
      "p50": 63.00000000010186,
      "p95": 157.0000000001528,
      "p99": 464.50000000002234,
      "min": 30.99999999994907,
      "max": 889.9999999998727
    },
    "upload_gpu_us": {
      "count": 182,
      "mean": 223638.6670329786,
      "p50": 175868.59999983062,
      "p95": 512358.7450001194,
      "p99": 1040225.2470000619,
      "min": 111264.69999999244,
      "max": 1184568.2999996825
    },
    "upload_gpu_pending_count": 0
  },
  "decode": {
    "samples": 65,
    "decode_ms": {
      "count": 65,
      "mean": 1829.338461538464,
      "p50": 1811.9999999998981,
      "p95": 2112.6000000000204,
      "p99": 2173.5600000000886,
      "min": 1608.9999999999236,
      "max": 2202.9999999999745
    },
    "total_bytes": 4313088000
  }
}