{
  "schema_version": 2,
  "generated_at": "2026-04-27T06:12:10Z",
  "platform": {
    "system": "Windows",
    "release": "10",
    "python": "3.11.15",
    "machine": "AMD64"
  },
  "context": {
    "sequence_label": "SH0010_Rendered_RGB.####.exr",
    "frame_count": 90,
    "resolution": [
      3840,
      2160
    ],
    "channels": 4,
    "target_fps": 24.0,
    "cache_budget_bytes": 4865352499,
    "num_workers": 8,
    "passes_played": 3,
    "warmup_frames": 30
  },
  "tick": {
    "samples": 270,
    "effective_fps": 14.193003746108774,
    "cache_hit_rate": 0.8666666666666667,
    "inter_tick_ms": {
      "count": 269,
      "mean": 70.45724907063207,
      "p50": 62.000000000010914,
      "p95": 180.9999999999941,
      "p99": 368.9200000000003,
      "min": 0.0,
      "max": 422.00000000002547
    }
  },
  "paint": {
    "samples": 234,
    "effective_fps": 12.416733280042642,
    "upload_us": {
      "count": 234,
      "mean": 26794.871794873663,
      "p50": 31000.00000000591,
      "p95": 47000.000000025466,
      "p99": 77999.99999997453,
      "min": 0.0,
      "max": 93999.99999999409
    },
    "paint_us": {
      "count": 234,
      "mean": 29470.08547008699,
      "p50": 31000.00000000591,
      "p95": 62999.99999998818,
      "p99": 109670.00000000268,
      "min": 0.0,
      "max": 140999.99999996272
    },
    "inter_paint_ms": {
      "count": 233,
      "mean": 80.53648068669521,
      "p50": 62.000000000010914,
      "p95": 202.99999999997453,
      "p99": 390.6799999999703,
      "min": 16.00000000001819,
      "max": 718.9999999999945
    },
    "upload_gpu_us": {
      "count": 0,
      "mean": NaN,
      "p50": NaN,
      "p95": NaN,
      "p99": NaN,
      "min": NaN,
      "max": NaN
    },
    "upload_gpu_pending_count": 0
  },
  "decode": {
    "samples": 90,
    "decode_ms": {
      "count": 90,
      "mean": 1402.1000000000008,
      "p50": 1461.0000000000127,
      "p95": 1618.2500000000061,
      "p99": 1644.4099999999696,
      "min": 843.9999999999941,
      "max": 1672.0000000000255
    },
    "total_bytes": 5971968000
  }
}