{
  "schema_version": 2,
  "generated_at": "2026-04-27T06:16:27Z",
  "platform": {
    "system": "Windows",
    "release": "10",
    "python": "3.11.15",
    "machine": "AMD64"
  },
  "context": {
    "sequence_label": "SH0010_Rendered_RGB.####.exr",
    "frame_count": 90,
    "resolution": [
      3840,
      2160
    ],
    "channels": 4,
    "target_fps": 24.0,
    "cache_budget_bytes": 4370917785,
    "num_workers": 8,
    "passes_played": 3,
    "warmup_frames": 30
  },
  "tick": {
    "samples": 270,
    "effective_fps": 20.717806531115162,
    "cache_hit_rate": 0.6814814814814815,
    "inter_tick_ms": {
      "count": 269,
      "mean": 48.26765799256519,
      "p50": 46.99999999991269,
      "p95": 93.00000000002873,
      "p99": 140.99999999996362,
      "min": 0.0,
      "max": 172.00000000002547
    }
  },
  "paint": {
    "samples": 197,
    "effective_fps": 15.390655673341305,
    "upload_us": {
      "count": 197,
      "mean": 20573.604060911963,
      "p50": 15999.99999996271,
      "p95": 34800.00000004095,
      "p99": 62040.00000001087,
      "min": 0.0,
      "max": 94000.00000005093
    },
    "paint_us": {
      "count": 197,
      "mean": 22807.106598982147,
      "p50": 15999.99999996271,
      "p95": 47000.000000025466,
      "p99": 62640.00000001475,
      "min": 0.0,
      "max": 94000.00000005093
    },
    "inter_paint_ms": {
      "count": 196,
      "mean": 64.97448979591786,
      "p50": 47.000000000025466,
      "p95": 125.0,
      "p99": 429.45000000006496,
      "min": 30.99999999994907,
      "max": 937.9999999999882
    },
    "upload_gpu_us": {
      "count": 194,
      "mean": 175562.23247422202,
      "p50": 118713.0499999398,
      "p95": 460387.7299999907,
      "p99": 1076361.6470000136,
      "min": 79146.1999999683,
      "max": 1090186.7999999695
    },
    "upload_gpu_pending_count": 0
  },
  "decode": {
    "samples": 74,
    "decode_ms": {
      "count": 74,
      "mean": 1267.554054054046,
      "p50": 1265.9999999999627,
      "p95": 1390.9999999999627,
      "p99": 1406.9999999999561,
      "min": 1125.0,
      "max": 1407.000000000039
    },
    "total_bytes": 4910284800
  }
}