{
  "schema_version": 2,
  "generated_at": "2026-04-27T06:21:41Z",
  "platform": {
    "system": "Windows",
    "release": "10",
    "python": "3.11.15",
    "machine": "AMD64"
  },
  "context": {
    "sequence_label": "SH0010_Rendered_RGB.####.exr",
    "frame_count": 90,
    "resolution": [
      3840,
      2160
    ],
    "channels": 4,
    "target_fps": 24.0,
    "cache_budget_bytes": 3923167641,
    "num_workers": 8,
    "passes_played": 3,
    "warmup_frames": 30
  },
  "tick": {
    "samples": 270,
    "effective_fps": 19.38738738738739,
    "cache_hit_rate": 0.6481481481481481,
    "inter_tick_ms": {
      "count": 269,
      "mean": 51.57992565055762,
      "p50": 47.000000000025466,
      "p95": 94.00000000005093,
      "p99": 157.0000000000394,
      "min": 0.0,
      "max": 172.00000000002547
    }
  },
  "paint": {
    "samples": 186,
    "effective_fps": 13.929673970333612,
    "upload_us": {
      "count": 186,
      "mean": 27080.6451612954,
      "p50": 16000.000000076398,
      "p95": 62999.99999998818,
      "p99": 109000.00000003728,
      "min": 0.0,
      "max": 125000.0
    },
    "paint_us": {
      "count": 186,
      "mean": 29860.21505376941,
      "p50": 23500.000000012733,
      "p95": 77999.99999997453,
      "p99": 125000.0,
      "min": 0.0,
      "max": 125000.0
    },
    "inter_paint_ms": {
      "count": 185,
      "mean": 71.78918918918892,
      "p50": 47.000000000025466,
      "p95": 156.00000000004002,
      "p99": 595.4399999999802,
      "min": 30.99999999994907,
      "max": 812.9999999999891
    },
    "upload_gpu_us": {
      "count": 183,
      "mean": 190261.80983606572,
      "p50": 124025.09999992617,
      "p95": 460608.68999999244,
      "p99": 901004.9159999953,
      "min": 82714.19999994122,
      "max": 1491109.2999999481
    },
    "upload_gpu_pending_count": 0
  },
  "decode": {
    "samples": 73,
    "decode_ms": {
      "count": 73,
      "mean": 1346.1369863013608,
      "p50": 1296.9999999999118,
      "p95": 1687.0000000000118,
      "p99": 1992.9599999999346,
      "min": 1062.0000000000118,
      "max": 2015.9999999999627
    },
    "total_bytes": 4843929600
  }
}