{
  "schema_version": 2,
  "generated_at": "2026-05-14T13:01:35Z",
  "platform": {
    "system": "Windows",
    "release": "10",
    "python": "3.11.15",
    "machine": "AMD64"
  },
  "context": {
    "sequence_label": "SH0010_Rendered_RGB.####.exr",
    "frame_count": 90,
    "resolution": [
      3840,
      2160
    ],
    "channels": 4,
    "target_fps": 24.0,
    "cache_budget_bytes": 54852049305,
    "num_workers": 12,
    "passes_played": 3,
    "warmup_frames": 30
  },
  "tick": {
    "samples": 270,
    "effective_fps": 22.072700418469008,
    "cache_hit_rate": 1.0,
    "inter_tick_ms": {
      "count": 269,
      "mean": 45.30483271377455,
      "p50": 46.999999991385266,
      "p95": 47.00000000593718,
      "p99": 98.8000000017927,
      "min": 15.999999988707714,
      "max": 547.0000000059372
    }
  },
  "paint": {
    "samples": 267,
    "effective_fps": 21.99437737721671,
    "upload_us": {
      "count": 267,
      "mean": 7314.606741768804,
      "p50": 0.0,
      "p95": 16000.000003259629,
      "p99": 62000.000005355105,
      "min": 0.0,
      "max": 391000.0000032596
    },
    "paint_us": {
      "count": 267,
      "mean": 7779.026217409845,
      "p50": 0.0,
      "p95": 16000.000003259629,
      "p99": 62000.000005355105,
      "min": 0.0,
      "max": 453999.9999979045
    },
    "inter_paint_ms": {
      "count": 266,
      "mean": 45.46616541352377,
      "p50": 46.999999991385266,
      "p95": 47.00000000593718,
      "p99": 83.6000000046628,
      "min": 15.999999988707714,
      "max": 843.9999999973224
    },
    "upload_gpu_us": {
      "count": 263,
      "mean": 122192.67680622663,
      "p50": 121805.50000630319,
      "p95": 125054.17000356829,
      "p99": 150362.82199900594,
      "min": 63315.40000974201,
      "max": 215294.40001177136
    },
    "upload_gpu_pending_count": 0
  },
  "decode": {
    "samples": 0,
    "decode_ms": {
      "count": 0,
      "mean": NaN,
      "p50": NaN,
      "p95": NaN,
      "p99": NaN,
      "min": NaN,
      "max": NaN
    },
    "total_bytes": 0
  }
}